Workbook

Sheet Summary
A1: Overall line efficiency | B1: =SUM('Line productivity'!G2:G39)/SUM('Line productivity'!H2:H39) -> 0.6402281
A3: Factor | B3: Description | C3: Total downtime (min) | D3: % of total | E3: Cumulative %
A4: 6 | B4: =INDEX('Downtime factors'!$B$2:$B$13, MATCH(A4,'Downtime factors'!$A$2:$A$13,0)) -> Machine adjustment | C4: =SUM(INDEX('Line downtime'!$B$3:$M$40,0,MATCH(A4,'Line downtime'!$B$2:$M$2,0))) -> 332 | D4: =C4/SUM($C$4:$C$15) -> 0.23919308 | E4: =SUM($D$4:D4) -> 0.23919308
A5: 7 | B5: =INDEX('Downtime factors'!$B$2:$B$13, MATCH(A5,'Downtime factors'!$A$2:$A$13,0)) -> Machine failure | C5: =SUM(INDEX('Line downtime'!$B$3:$M$40,0,MATCH(A5,'Line downtime'!$B$2:$M$2,0))) -> 254 | D5: =C5/SUM($C$4:$C$15) -> 0.18299712 | E5: =SUM($D$4:D5) -> 0.4221902
A6: 4 | B6: =INDEX('Downtime factors'!$B$2:$B$13, MATCH(A6,'Downtime factors'!$A$2:$A$13,0)) -> Inventory shortage | C6: =SUM(INDEX('Line downtime'!$B$3:$M$40,0,MATCH(A6,'Line downtime'!$B$2:$M$2,0))) -> 225 | D6: =C6/SUM($C$4:$C$15) -> 0.16210375 | E6: =SUM($D$4:D6) -> 0.58429395
A7: 2 | B7: =INDEX('Downtime factors'!$B$2:$B$13, MATCH(A7,'Downtime factors'!$A$2:$A$13,0)) -> Batch change | C7: =SUM(INDEX('Line downtime'!$B$3:$M$40,0,MATCH(A7,'Line downtime'!$B$2:$M$2,0))) -> 160 | D7: =C7/SUM($C$4:$C$15) -> 0.11527378 | E7: =SUM($D$4:D7) -> 0.69956772
A8: 8 | B8: =INDEX('Downtime factors'!$B$2:$B$13, MATCH(A8,'Downtime factors'!$A$2:$A$13,0)) -> Batch coding error | C8: =SUM(INDEX('Line downtime'!$B$3:$M$40,0,MATCH(A8,'Line downtime'!$B$2:$M$2,0))) -> 145 | D8: =C8/SUM($C$4:$C$15) -> 0.10446686 | E8: =SUM($D$4:D8) -> 0.80403458
A9: 12 | B9: =INDEX('Downtime factors'!$B$2:$B$13, MATCH(A9,'Downtime factors'!$A$2:$A$13,0)) -> Other | C9: =SUM(INDEX('Line downtime'!$B$3:$M$40,0,MATCH(A9,'Line downtime'!$B$2:$M$2,0))) -> 74 | D9: =C9/SUM($C$4:$C$15) -> 0.053314121 | E9: =SUM($D$4:D9) -> 0.8573487
A10: 5 | B10: =INDEX('Downtime factors'!$B$2:$B$13, MATCH(A10,'Downtime factors'!$A$2:$A$13,0)) -> Product spill | C10: =SUM(INDEX('Line downtime'!$B$3:$M$40,0,MATCH(A10,'Line downtime'!$B$2:$M$2,0))) -> 57 | D10: =C10/SUM($C$4:$C$15) -> 0.041066282 | E10: =SUM($D$4:D10) -> 0.89841499
A11: 10 | B11: =INDEX('Downtime factors'!$B$2:$B$13, MATCH(A11,'Downtime factors'!$A$2:$A$13,0)) -> Calibration error | C11: =SUM(INDEX('Line downtime'!$B$3:$M$40,0,MATCH(A11,'Line downtime'!$B$2:$M$2,0))) -> 49 | D11: =C11/SUM($C$4:$C$15) -> 0.035302594 | E11: =SUM($D$4:D11) -> 0.93371758
A12: 3 | B12: =INDEX('Downtime factors'!$B$2:$B$13, MATCH(A12,'Downtime factors'!$A$2:$A$13,0)) -> Labeling error | C12: =SUM(INDEX('Line downtime'!$B$3:$M$40,0,MATCH(A12,'Line downtime'!$B$2:$M$2,0))) -> 42 | D12: =C12/SUM($C$4:$C$15) -> 0.030259366 | E12: =SUM($D$4:D12) -> 0.96397695
A13: 11 | B13: =INDEX('Downtime factors'!$B$2:$B$13, MATCH(A13,'Downtime factors'!$A$2:$A$13,0)) -> Label switch | C13: =SUM(INDEX('Line downtime'!$B$3:$M$40,0,MATCH(A13,'Line downtime'!$B$2:$M$2,0))) -> 33 | D13: =C13/SUM($C$4:$C$15) -> 0.023775216 | E13: =SUM($D$4:D13) -> 0.98775216
A14: 9 | B14: =INDEX('Downtime factors'!$B$2:$B$13, MATCH(A14,'Downtime factors'!$A$2:$A$13,0)) -> Conveyor belt jam | C14: =SUM(INDEX('Line downtime'!$B$3:$M$40,0,MATCH(A14,'Line downtime'!$B$2:$M$2,0))) -> 17 | D14: =C14/SUM($C$4:$C$15) -> 0.012247839 | E14: =SUM($D$4:D14) -> 1
A15: 1 | B15: =INDEX('Downtime factors'!$B$2:$B$13, MATCH(A15,'Downtime factors'!$A$2:$A$13,0)) -> Emergency stop | C15: =SUM(INDEX('Line downtime'!$B$3:$M$40,0,MATCH(A15,'Line downtime'!$B$2:$M$2,0))) -> 0 | D15: =C15/SUM($C$4:$C$15) -> 0 | E15: =SUM($D$4:D15) -> 1
A18: Downtime (min) by operator and factor
A19: Operator | B19: 6 | C19: 7 | D19: 4 | E19: 2 | F19: 8 | G19: Total (top 5) | I19: Operator | J19: Efficiency
A20: Charlie | B20: =SUMIFS(INDEX('Line downtime'!$B$3:$M$40,0,MATCH(B$19,'Line downtime'!$B$2:$M$2,0)),'Line downtime'!$O$3:$O$40,$A20) -> 118 | C20: =SUMIFS(INDEX('Line downtime'!$B$3:$M$40,0,MATCH(C$19,'Line downtime'!$B$2:$M$2,0)),'Line downtime'!$O$3:$O$40,$A20) -> 85 | D20: =SUMIFS(INDEX('Line downtime'!$B$3:$M$40,0,MATCH(D$19,'Line downtime'!$B$2:$M$2,0)),'Line downtime'!$O$3:$O$40,$A20) -> 17 | E20: =SUMIFS(INDEX('Line downtime'!$B$3:$M$40,0,MATCH(E$19,'Line downtime'!$B$2:$M$2,0)),'Line downtime'!$O$3:$O$40,$A20) -> 10 | F20: =SUMIFS(INDEX('Line downtime'!$B$3:$M$40,0,MATCH(F$19,'Line downtime'!$B$2:$M$2,0)),'Line downtime'!$O$3:$O$40,$A20) -> 44 | G20: =SUM(B20:F20) -> 274 | I20: Charlie | J20: =SUMIFS('Line productivity'!$G$2:$G$39,'Line productivity'!$D$2:$D$39,I20)/SUMIFS('Line productivity'!$H$2:$H$39,'Line productivity'!$D$2:$D$39,I20) -> 0.66839378
A21: Dee | B21: =SUMIFS(INDEX('Line downtime'!$B$3:$M$40,0,MATCH(B$19,'Line downtime'!$B$2:$M$2,0)),'Line downtime'!$O$3:$O$40,$A21) -> 79 | C21: =SUMIFS(INDEX('Line downtime'!$B$3:$M$40,0,MATCH(C$19,'Line downtime'!$B$2:$M$2,0)),'Line downtime'!$O$3:$O$40,$A21) -> 36 | D21: =SUMIFS(INDEX('Line downtime'!$B$3:$M$40,0,MATCH(D$19,'Line downtime'!$B$2:$M$2,0)),'Line downtime'!$O$3:$O$40,$A21) -> 85 | E21: =SUMIFS(INDEX('Line downtime'!$B$3:$M$40,0,MATCH(E$19,'Line downtime'!$B$2:$M$2,0)),'Line downtime'!$O$3:$O$40,$A21) -> 20 | F21: =SUMIFS(INDEX('Line downtime'!$B$3:$M$40,0,MATCH(F$19,'Line downtime'!$B$2:$M$2,0)),'Line downtime'!$O$3:$O$40,$A21) -> 30 | G21: =SUM(B21:F21) -> 250 | I21: Dee | J21: =SUMIFS('Line productivity'!$G$2:$G$39,'Line productivity'!$D$2:$D$39,I21)/SUMIFS('Line productivity'!$H$2:$H$39,'Line productivity'!$D$2:$D$39,I21) -> 0.6407767
A22: Dennis | B22: =SUMIFS(INDEX('Line downtime'!$B$3:$M$40,0,MATCH(B$19,'Line downtime'!$B$2:$M$2,0)),'Line downtime'!$O$3:$O$40,$A22) -> 120 | C22: =SUMIFS(INDEX('Line downtime'!$B$3:$M$40,0,MATCH(C$19,'Line downtime'!$B$2:$M$2,0)),'Line downtime'!$O$3:$O$40,$A22) -> 88 | D22: =SUMIFS(INDEX('Line downtime'!$B$3:$M$40,0,MATCH(D$19,'Line downtime'!$B$2:$M$2,0)),'Line downtime'!$O$3:$O$40,$A22) -> 43 | E22: =SUMIFS(INDEX('Line downtime'!$B$3:$M$40,0,MATCH(E$19,'Line downtime'!$B$2:$M$2,0)),'Line downtime'!$O$3:$O$40,$A22) -> 0 | F22: =SUMIFS(INDEX('Line downtime'!$B$3:$M$40,0,MATCH(F$19,'Line downtime'!$B$2:$M$2,0)),'Line downtime'!$O$3:$O$40,$A22) -> 24 | G22: =SUM(B22:F22) -> 275 | I22: Dennis | J22: =SUMIFS('Line productivity'!$G$2:$G$39,'Line productivity'!$D$2:$D$39,I22)/SUMIFS('Line productivity'!$H$2:$H$39,'Line productivity'!$D$2:$D$39,I22) -> 0.63170732
A23: Mac | B23: =SUMIFS(INDEX('Line downtime'!$B$3:$M$40,0,MATCH(B$19,'Line downtime'!$B$2:$M$2,0)),'Line downtime'!$O$3:$O$40,$A23) -> 15 | C23: =SUMIFS(INDEX('Line downtime'!$B$3:$M$40,0,MATCH(C$19,'Line downtime'!$B$2:$M$2,0)),'Line downtime'!$O$3:$O$40,$A23) -> 45 | D23: =SUMIFS(INDEX('Line downtime'!$B$3:$M$40,0,MATCH(D$19,'Line downtime'!$B$2:$M$2,0)),'Line downtime'!$O$3:$O$40,$A23) -> 80 | E23: =SUMIFS(INDEX('Line downtime'!$B$3:$M$40,0,MATCH(E$19,'Line downtime'!$B$2:$M$2,0)),'Line downtime'!$O$3:$O$40,$A23) -> 130 | F23: =SUMIFS(INDEX('Line downtime'!$B$3:$M$40,0,MATCH(F$19,'Line downtime'!$B$2:$M$2,0)),'Line downtime'!$O$3:$O$40,$A23) -> 47 | G23: =SUM(B23:F23) -> 317 | I23: Mac | J23: =SUMIFS('Line productivity'!$G$2:$G$39,'Line productivity'!$D$2:$D$39,I23)/SUMIFS('Line productivity'!$H$2:$H$39,'Line productivity'!$D$2:$D$39,I23) -> 0.60941176

Sheet Line productivity
A1: Date | B1: Product | C1: Batch | D1: Operator | E1: Start Time | F1: End Time | G1: Min batch time | H1: Batch time | I1: Total downtime | J1: Check | K1: Efficiency
A2: 45533 | B2: OR-600 | C2: 422111 | D2: Mac | E2: 0.49305556 | F2: 0.58680556 | G2: =INDEX(Products!$D:$D, MATCH(B2, Products!$A:$A, 0)) -> 60 | H2: =MOD(F2-E2,1)*1440 -> 135 | I2: =INDEX('Line downtime'!$N$3:$N$40, MATCH(C2,'Line downtime'!$A$3:$A$40,0)) -> 75 | J2: =H2-G2-I2 -> 0 | K2: =G2/H2 -> 0.44444444
A3: 45533 | B3: LE-600 | C3: 422112 | D3: Mac | E3: 0.58680556 | F3: 0.65625 | G3: =INDEX(Products!$D:$D, MATCH(B3, Products!$A:$A, 0)) -> 60 | H3: =MOD(F3-E3,1)*1440 -> 100 | I3: =INDEX('Line downtime'!$N$3:$N$40, MATCH(C3,'Line downtime'!$A$3:$A$40,0)) -> 40 | J3: =H3-G3-I3 -> 0 | K3: =G3/H3 -> 0.6
A4: 45533 | B4: LE-600 | C4: 422113 | D4: Mac | E4: 0.65625 | F4: 0.73263889 | G4: =INDEX(Products!$D:$D, MATCH(B4, Products!$A:$A, 0)) -> 60 | H4: =MOD(F4-E4,1)*1440 -> 110 | I4: =INDEX('Line downtime'!$N$3:$N$40, MATCH(C4,'Line downtime'!$A$3:$A$40,0)) -> 50 | J4: =H4-G4-I4 -> -7.1054274e-14 | K4: =G4/H4 -> 0.54545455
A5: 45533 | B5: LE-600 | C5: 422114 | D5: Mac | E5: 0.73263889 | F5: 0.80208333 | G5: =INDEX(Products!$D:$D, MATCH(B5, Products!$A:$A, 0)) -> 60 | H5: =MOD(F5-E5,1)*1440 -> 100 | I5: =INDEX('Line downtime'!$N$3:$N$40, MATCH(C5,'Line downtime'!$A$3:$A$40,0)) -> 40 | J5: =H5-G5-I5 -> 0 | K5: =G5/H5 -> 0.6
A6: 45533 | B6: LE-600 | C6: 422115 | D6: Charlie | E6: 0.80208333 | F6: 0.86041667 | G6: =INDEX(Products!$D:$D, MATCH(B6, Products!$A:$A, 0)) -> 60 | H6: =MOD(F6-E6,1)*1440 -> 84 | I6: =INDEX('Line downtime'!$N$3:$N$40, MATCH(C6,'Line downtime'!$A$3:$A$40,0)) -> 24 | J6: =H6-G6-I6 -> 2.8421709e-14 | K6: =G6/H6 -> 0.71428571
A7: 45533 | B7: LE-600 | C7: 422116 | D7: Charlie | E7: 0.86041667 | F7: 0.90208333 | G7: =INDEX(Products!$D:$D, MATCH(B7, Products!$A:$A, 0)) -> 60 | H7: =MOD(F7-E7,1)*1440 -> 60 | I7: =INDEX('Line downtime'!$N$3:$N$40, MATCH(C7,'Line downtime'!$A$3:$A$40,0)) -> 0 | J7: =H7-G7-I7 -> -5.6843419e-14 | K7: =G7/H7 -> 1
A8: 45533 | B8: LE-600 | C8: 422117 | D8: Charlie | E8: 0.90208333 | F8: 0.95416667 | G8: =INDEX(Products!$D:$D, MATCH(B8, Products!$A:$A, 0)) -> 60 | H8: =MOD(F8-E8,1)*1440 -> 75 | I8: =INDEX('Line downtime'!$N$3:$N$40, MATCH(C8,'Line downtime'!$A$3:$A$40,0)) -> 15 | J8: =H8-G8-I8 -> 5.6843419e-14 | K8: =G8/H8 -> 0.8
A9: 45534 | B9: CO-600 | C9: 422118 | D9: Dee | E9: 0.17013889 | F9: 0.25347222 | G9: =INDEX(Products!$D:$D, MATCH(B9, Products!$A:$A, 0)) -> 60 | H9: =MOD(F9-E9,1)*1440 -> 120 | I9: =INDEX('Line downtime'!$N$3:$N$40, MATCH(C9,'Line downtime'!$A$3:$A$40,0)) -> 60 | J9: =H9-G9-I9 -> 0 | K9: =G9/H9 -> 0.5
A10: 45534 | B10: CO-600 | C10: 422119 | D10: Dee | E10: 0.25347222 | F10: 0.3125 | G10: =INDEX(Products!$D:$D, MATCH(B10, Products!$A:$A, 0)) -> 60 | H10: =MOD(F10-E10,1)*1440 -> 85 | I10: =INDEX('Line downtime'!$N$3:$N$40, MATCH(C10,'Line downtime'!$A$3:$A$40,0)) -> 25 | J10: =H10-G10-I10 -> 0 | K10: =G10/H10 -> 0.70588235
A11: 45534 | B11: CO-600 | C11: 422120 | D11: Dee | E11: 0.3125 | F11: 0.39027778 | G11: =INDEX(Products!$D:$D, MATCH(B11, Products!$A:$A, 0)) -> 60 | H11: =MOD(F11-E11,1)*1440 -> 112 | I11: =INDEX('Line downtime'!$N$3:$N$40, MATCH(C11,'Line downtime'!$A$3:$A$40,0)) -> 52 | J11: =H11-G11-I11 -> 0 | K11: =G11/H11 -> 0.53571429
A12: 45534 | B12: CO-600 | C12: 422121 | D12: Dennis | E12: 0.39027778 | F12: 0.44236111 | G12: =INDEX(Products!$D:$D, MATCH(B12, Products!$A:$A, 0)) -> 60 | H12: =MOD(F12-E12,1)*1440 -> 75 | I12: =INDEX('Line downtime'!$N$3:$N$40, MATCH(C12,'Line downtime'!$A$3:$A$40,0)) -> 15 | J12: =H12-G12-I12 -> -2.8421709e-14 | K12: =G12/H12 -> 0.8
A13: 45534 | B13: CO-600 | C13: 422122 | D13: Dennis | E13: 0.44236111 | F13: 0.50138889 | G13: =INDEX(Products!$D:$D, MATCH(B13, Products!$A:$A, 0)) -> 60 | H13: =MOD(F13-E13,1)*1440 -> 85 | I13: =INDEX('Line downtime'!$N$3:$N$40, MATCH(C13,'Line downtime'!$A$3:$A$40,0)) -> 25 | J13: =H13-G13-I13 -> 0 | K13: =G13/H13 -> 0.70588235
... A39: 45538 | B39: CO-2L | C39: 422148 | D39: Mac | E39: 0.95486111 | F39: 1.0451389 | G39: =INDEX(Products!$D:$D, MATCH(B39, Products!$A:$A, 0)) -> 98 | H39: =MOD(F39-E39,1)*1440 -> 130 | I39: =INDEX('Line downtime'!$N$3:$N$40, MATCH(C39,'Line downtime'!$A$3:$A$40,0)) -> 32 | J39: =H39-G39-I39 -> -1.4210855e-13 | K39: =G39/H39 -> 0.75384615

Sheet Products
A1: Product | B1: Flavor | C1: Size | D1: Min batch time
A2: OR-600 | B2: Orange | C2: 600 ml | D2: 60
A3: LE-600 | B3: Lemon lime | C3: 600 ml | D3: 60
A4: CO-600 | B4: Cola | C4: 600 ml | D4: 60
A5: DC-600 | B5: Diet Cola | C5: 600 ml | D5: 60
A6: RB-600 | B6: Root Beer | C6: 600 ml | D6: 60
A7: CO-2L | B7: Cola | C7: 2 L | D7: 98

Sheet Downtime factors
A1: Factor | B1: Description | C1: Operator Error
A2: 1 | B2: Emergency stop | C2: No
A3: 2 | B3: Batch change | C3: Yes
A4: 3 | B4: Labeling error | C4: No
A5: 4 | B5: Inventory shortage | C5: No
A6: 5 | B6: Product spill | C6: Yes
A7: 6 | B7: Machine adjustment | C7: Yes
A8: 7 | B8: Machine failure | C8: No
A9: 8 | B9: Batch coding error | C9: Yes
A10: 9 | B10: Conveyor belt jam | C10: No
A11: 10 | B11: Calibration error | C11: Yes
A12: 11 | B12: Label switch | C12: Yes
A13: 12 | B13: Other | C13: No

Sheet Line downtime
B1: Downtime factor
A2: Batch | B2: 1 | C2: 2 | D2: 3 | E2: 4 | F2: 5 | G2: 6 | H2: 7 | I2: 8 | J2: 9 | K2: 10 | L2: 11 | M2: 12 | N2: Total downtime | O2: Operator
A3: 422111 | C3: 60 | H3: 15 | N3: =SUM(B3:M3) -> 75 | O3: =INDEX('Line productivity'!$D$2:$D$39, MATCH(A3,'Line productivity'!$C$2:$C$39,0)) -> Mac
A4: 422112 | C4: 20 | I4: 20 | N4: =SUM(B4:M4) -> 40 | O4: =INDEX('Line productivity'!$D$2:$D$39, MATCH(A4,'Line productivity'!$C$2:$C$39,0)) -> Mac
A5: 422113 | C5: 50 | N5: =SUM(B5:M5) -> 50 | O5: =INDEX('Line productivity'!$D$2:$D$39, MATCH(A5,'Line productivity'!$C$2:$C$39,0)) -> Mac
A6: 422114 | E6: 25 | G6: 15 | N6: =SUM(B6:M6) -> 40 | O6: =INDEX('Line productivity'!$D$2:$D$39, MATCH(A6,'Line productivity'!$C$2:$C$39,0)) -> Mac
A7: 422115 | K7: 24 | N7: =SUM(B7:M7) -> 24 | O7: =INDEX('Line productivity'!$D$2:$D$39, MATCH(A7,'Line productivity'!$C$2:$C$39,0)) -> Charlie
A8: 422116 | N8: =SUM(B8:M8) -> 0 | O8: =INDEX('Line productivity'!$D$2:$D$39, MATCH(A8,'Line productivity'!$C$2:$C$39,0)) -> Charlie
A9: 422117 | C9: 10 | G9: 5 | N9: =SUM(B9:M9) -> 15 | O9: =INDEX('Line productivity'!$D$2:$D$39, MATCH(A9,'Line productivity'!$C$2:$C$39,0)) -> Charlie
A10: 422118 | G10: 14 | H10: 16 | L10: 10 | M10: 20 | N10: =SUM(B10:M10) -> 60 | O10: =INDEX('Line productivity'!$D$2:$D$39, MATCH(A10,'Line productivity'!$C$2:$C$39,0)) -> Dee
A11: 422119 | E11: 25 | N11: =SUM(B11:M11) -> 25 | O11: =INDEX('Line productivity'!$D$2:$D$39, MATCH(A11,'Line productivity'!$C$2:$C$39,0)) -> Dee
A12: 422120 | E12: 20 | F12: 15 | J12: 17 | N12: =SUM(B12:M12) -> 52 | O12: =INDEX('Line productivity'!$D$2:$D$39, MATCH(A12,'Line productivity'!$C$2:$C$39,0)) -> Dee
A13: 422121 | H13: 15 | N13: =SUM(B13:M13) -> 15 | O13: =INDEX('Line productivity'!$D$2:$D$39, MATCH(A13,'Line productivity'!$C$2:$C$39,0)) -> Dennis
A14: 422122 | H14: 25 | N14: =SUM(B14:M14) -> 25 | O14: =INDEX('Line productivity'!$D$2:$D$39, MATCH(A14,'Line productivity'!$C$2:$C$39,0)) -> Dennis
A15: 422123 | E15: 43 | H15: 30 | N15: =SUM(B15:M15) -> 73 | O15: =INDEX('Line productivity'!$D$2:$D$39, MATCH(A15,'Line productivity'!$C$2:$C$39,0)) -> Dennis
A16: 422124 | F16: 20 | G16: 20 | N16: =SUM(B16:M16) -> 40 | O16: =INDEX('Line productivity'!$D$2:$D$39, MATCH(A16,'Line productivity'!$C$2:$C$39,0)) -> Dennis
A17: 422125 | L17: 10 | M17: 10 | N17: =SUM(B17:M17) -> 20 | O17: =INDEX('Line productivity'!$D$2:$D$39, MATCH(A17,'Line productivity'!$C$2:$C$39,0)) -> Charlie
A18: 422126 | I18: 44 | N18: =SUM(B18:M18) -> 44 | O18: =INDEX('Line productivity'!$D$2:$D$39, MATCH(A18,'Line productivity'!$C$2:$C$39,0)) -> Charlie
A19: 422127 | G19: 23 | N19: =SUM(B19:M19) -> 23 | O19: =INDEX('Line productivity'!$D$2:$D$39, MATCH(A19,'Line productivity'!$C$2:$C$39,0)) -> Charlie
A20: 422128 | F20: 22 | H20: 30 | N20: =SUM(B20:M20) -> 52 | O20: =INDEX('Line productivity'!$D$2:$D$39, MATCH(A20,'Line productivity'!$C$2:$C$39,0)) -> Charlie
A21: 422129 | M21: 15 | N21: =SUM(B21:M21) -> 15 | O21: =INDEX('Line productivity'!$D$2:$D$39, MATCH(A21,'Line productivity'!$C$2:$C$39,0)) -> Charlie
A22: 422130 | C22: 20 | N22: =SUM(B22:M22) -> 20 | O22: =INDEX('Line productivity'!$D$2:$D$39, MATCH(A22,'Line productivity'!$C$2:$C$39,0)) -> Dee
A23: 422131 | E23: 20 | K23: 10 | N23: =SUM(B23:M23) -> 30 | O23: =INDEX('Line productivity'!$D$2:$D$39, MATCH(A23,'Line productivity'!$C$2:$C$39,0)) -> Dee
A24: 422132 | N24: =SUM(B24:M24) -> 0 | O24: =INDEX('Line productivity'!$D$2:$D$39, MATCH(A24,'Line productivity'!$C$2:$C$39,0)) -> Dee
A25: 422133 | H25: 20 | N25: =SUM(B25:M25) -> 20 | O25: =INDEX('Line productivity'!$D$2:$D$39, MATCH(A25,'Line productivity'!$C$2:$C$39,0)) -> Dee
A26: 422134 | H26: 30 | I26: 20 | N26: =SUM(B26:M26) -> 50 | O26: =INDEX('Line productivity'!$D$2:$D$39, MATCH(A26,'Line productivity'!$C$2:$C$39,0)) -> Mac
A27: 422135 | E27: 30 | M27: 15 | N27: =SUM(B27:M27) -> 45 | O27: =INDEX('Line productivity'!$D$2:$D$39, MATCH(A27,'Line productivity'!$C$2:$C$39,0)) -> Mac
A28: 422136 | N28: =SUM(B28:M28) -> 0 | O28: =INDEX('Line productivity'!$D$2:$D$39, MATCH(A28,'Line productivity'!$C$2:$C$39,0)) -> Mac
A29: 422137 | I29: 30 | K29: 15 | N29: =SUM(B29:M29) -> 45 | O29: =INDEX('Line productivity'!$D$2:$D$39, MATCH(A29,'Line productivity'!$C$2:$C$39,0)) -> Dee
A30: 422138 | D30: 20 | N30: =SUM(B30:M30) -> 20 | O30: =INDEX('Line productivity'!$D$2:$D$39, MATCH(A30,'Line productivity'!$C$2:$C$39,0)) -> Dee
A31: 422139 | E31: 20 | G31: 15 | N31: =SUM(B31:M31) -> 35 | O31: =INDEX('Line productivity'!$D$2:$D$39, MATCH(A31,'Line productivity'!$C$2:$C$39,0)) -> Dee
A32: 422140 | G32: 50 | L32: 13 | N32: =SUM(B32:M32) -> 63 | O32: =INDEX('Line productivity'!$D$2:$D$39, MATCH(A32,'Line productivity'!$C$2:$C$39,0)) -> Dee
A33: 422141 | M33: 7 | N33: =SUM(B33:M33) -> 7 | O33: =INDEX('Line productivity'!$D$2:$D$39, MATCH(A33,'Line productivity'!$C$2:$C$39,0)) -> Dennis
A34: 422142 | G34: 30 | N34: =SUM(B34:M34) -> 30 | O34: =INDEX('Line productivity'!$D$2:$D$39, MATCH(A34,'Line productivity'!$C$2:$C$39,0)) -> Dennis
A35: 422143 | G35: 40 | H35: 18 | N35: =SUM(B35:M35) -> 58 | O35: =INDEX('Line productivity'!$D$2:$D$39, MATCH(A35,'Line productivity'!$C$2:$C$39,0)) -> Dennis
A36: 422144 | G36: 30 | I36: 24 | N36: =SUM(B36:M36) -> 54 | O36: =INDEX('Line productivity'!$D$2:$D$39, MATCH(A36,'Line productivity'!$C$2:$C$39,0)) -> Dennis
A37: 422145 | D37: 22 | N37: =SUM(B37:M37) -> 22 | O37: =INDEX('Line productivity'!$D$2:$D$39, MATCH(A37,'Line productivity'!$C$2:$C$39,0)) -> Charlie
A38: 422146 | G38: 30 | H38: 25 | M38: 7 | N38: =SUM(B38:M38) -> 62 | O38: =INDEX('Line productivity'!$D$2:$D$39, MATCH(A38,'Line productivity'!$C$2:$C$39,0)) -> Charlie
A39: 422147 | E39: 17 | G39: 60 | H39: 30 | N39: =SUM(B39:M39) -> 107 | O39: =INDEX('Line productivity'!$D$2:$D$39, MATCH(A39,'Line productivity'!$C$2:$C$39,0)) -> Charlie
A40: 422148 | E40: 25 | I40: 7 | N40: =SUM(B40:M40) -> 32 | O40: =INDEX('Line productivity'!$D$2:$D$39, MATCH(A40,'Line productivity'!$C$2:$C$39,0)) -> Mac
